sample_id,recording,start,end,task,label,fold,world_positions,baseline_S_mae,baseline_S_score,baseline_A_mae,baseline_A_score,baseline_F_mae,baseline_F_score,baseline_der,baseline_miss,baseline_false_alarm,baseline_confusion,sra_S_mae,sra_S_score,sra_A_mae,sra_A_score,sra_F_mae,sra_F_score,sra_der,sra_miss,sra_false_alarm,sra_confusion,probe_gain,der_gain,improved_probe_seeds,minimum_seed_probe_gain,unchanged_probe_seeds,degraded_probe_seeds,strict_single,reference_silence_seconds,reference_ov_seconds,context_start,context_end,context_baseline_der,context_sra_der,context_der_gain,position_coverage,already_displayed_recording,previously_removed_recording,baseline_miss_seconds,baseline_false_alarm_seconds,baseline_confusion_seconds,sra_miss_seconds,sra_false_alarm_seconds,sra_confusion_seconds
mvad_Two1__009.500,mvad_Two1,9.5,11.5,Azimuth,-16.981746049803057,4,1,1.8394179833989803,0.8963289546481925,26.148412716469725,-0.4737451221378628,15.037301605358612,0.1524858456492548,30.0,0.0,30.0,0.0,0.9383597943787976,0.947113303405028,23.926190494247507,-0.3484989285804396,4.0616402056212015,0.7710827610907691,0.0,0.0,0.0,0.0,10.975661399737412,30.0,2,-6.036507900393882,0,1,True,0.0,0.0,3.5,19.5,20.293368,15.20237,5.090998000000001,1.0,True,False,0.0,0.6,0.0,0.0,0.0,0.0
mvad_Two1__008.500,mvad_Two1,8.5,10.5,Azimuth,-17.82796718674333,4,1,0.6648779511366646,0.9625269553479434,27.550189408965554,-0.5527503598665409,28.105744964521108,-0.5840619082558967,30.0,0.0,30.0,0.0,2.550189408965553,0.856269317654474,10.327967186743331,0.4179076402034916,19.216856075632226,-0.0830771340262026,0.0,0.0,0.0,0.0,8.888888888888886,30.0,2,-21.66666666666667,0,1,True,0.0,0.0,2.5,18.5,31.890127,26.308337,5.581789999999998,0.9479768786127167,True,False,0.0,0.6,0.0,0.0,0.0,0.0
mvad_Two1__008.000,mvad_Two1,8.0,10.0,Azimuth,-18.24060341863761,4,1,0.802423361768092,0.9547747877426478,26.29615897419317,-0.4820722175143601,19.073936751970948,-0.0750220884527335,19.35,0.0,19.35,0.0,2.40727008530428,0.8643243632279431,14.629492307526505,0.1754702986621136,14.691312250656985,0.1719860780087505,0.0,0.0,0.0,0.0,4.382624501313964,19.35,2,-28.333333333333336,0,1,True,0.0,0.0,2.0,18.0,38.56945,32.704981,5.864469000000007,0.9188405797101449,True,False,0.0,0.387,0.0,0.0,0.0,0.0
mvad_One6__016.500,mvad_One6,16.5,18.5,Azimuth,-7.901100375438612,1,0,14.866299874853794,0.1621236377761121,12.93223295789472,0.2711291715216216,8.755188763742686,0.5065506700590268,13.95,13.95,0.0,0.0,7.932232957894719,0.5529331070258248,21.800366791812877,-0.2286858314736004,2.088522097076018,0.8822892507312974,0.0,0.0,0.0,0.0,6.666666666666668,13.95,3,0.8644659157894401,0,0,True,0.0,0.0,10.5,26.5,14.743013,17.567898,-2.824885,1.0,False,True,0.279,0.0,0.0,0.0,0.0,0.0
mvad_One6__017.500,mvad_One6,17.5,19.5,Azimuth,-7.920797606683657,1,0,7.6430198289058815,0.5692333866155326,20.42079760668366,-0.1509322263396528,12.91804364667233,0.2719288922705344,13.95,13.95,0.0,0.0,3.754130940016992,0.7884142253410238,23.473599202227888,-0.3229905271272275,7.362488091116776,0.5850443761640931,0.0,0.0,0.0,0.0,5.5555555555555545,13.95,2,-10.0,0,1,True,0.0,0.0,11.5,27.5,18.695016,22.188544,-3.4935280000000013,1.0,False,True,0.279,0.0,0.0,0.0,0.0,0.0
mvad_One6__017.000,mvad_One6,17.0,19.0,Azimuth,-7.920797606683658,1,0,8.198575384461437,0.5379218382261767,20.415289686661,-0.1506217956318873,9.584710313338997,0.4597981826066697,13.95,13.95,0.0,0.0,5.976353162239216,0.6631680317836002,23.473599202227888,-0.3229905271272275,7.362488091116776,0.5850443761640931,0.0,0.0,0.0,0.0,2.2222222222222205,13.95,2,-10.0,0,1,True,0.0,0.0,11.0,27.0,17.899859,21.244797,-3.344937999999999,1.0,False,True,0.279,0.0,0.0,0.0,0.0,0.0
mvad_One4__049.500,mvad_One4,49.5,51.5,Azimuth,-12.543391153777565,0,0,12.236685940148078,0.3103307489074648,20.57001927348141,-0.1593424769328735,22.265613375999788,-0.2549074951543524,81.649048,79.36917867730651,2.279869429518686,0.0,1.1545022648886771,0.934931343641171,9.429980726518592,0.4685188639076556,18.34779705125919,-0.0340962833754499,74.489457,72.20958781724019,2.279869429518686,0.0,3.917816324740599,7.159590999999992,1,0.0,2,0,False,0.044581,0.0,43.5,59.5,196.049774,194.289968,1.759806000000026,1.0,False,False,1.552,0.044581,0.0,1.412,0.044581,0.0
mvad_One3__053.500,mvad_One3,53.5,55.5,Azimuth,-13.152636317326603,3,0,19.10643432799776,-0.0768536774164738,15.097080761771048,0.1491166453416257,25.77310099466442,-0.4525922580887442,4.65,4.65,0.0,0.0,12.874858539548825,0.2743628388990493,10.097080761771048,0.4309205808458286,14.661989883553316,0.173638709698373,0.0,0.0,0.0,0.0,11.111111111111104,4.65,2,-5.0,0,1,True,0.0,0.0,44.0,60.0,52.20498,42.447097,9.757883,1.0,False,False,0.093,0.0,0.0,0.0,0.0,0.0
mvad_One4__049.000,mvad_One4,49.0,51.0,Azimuth,-12.51863650702004,0,0,1.6728788356733475,0.9057152320971124,35.5741920625756,-1.0049894651232365,15.00621216900668,0.1542380707525713,100.0,100.0,0.0,0.0,0.0186365070200409,0.9989496317955402,4.425807937424405,0.7505579810896127,12.78398994678446,0.2794842643099947,95.6,95.6,0.0,0.0,2.22222222222222,4.400000000000006,3,0.0372730140400854,0,0,True,0.0,0.0,43.0,59.0,184.456631,182.800888,1.655743000000001,1.0,False,False,2.0,0.0,0.0,1.912,0.0,0.0
mvad_Two12__027.500,mvad_Two12,27.5,29.5,Azimuth,14.159277251474498,1,0,24.992610584807824,-0.4086032042645688,24.437055029252274,-0.3772916558752133,31.659277251474496,-0.7843417849368397,14.788293,0.0,14.788293185613863,0.0,25.54816614036339,-0.4399147526539251,17.21975908382483,0.0294808243487829,6.659277251474496,0.624677892584175,11.75446,0.0,11.75446048010154,0.0,25.0,3.033833,3,21.666666666666664,0,0,False,0.0,0.010658,21.5,37.5,6.825334,5.893488,0.9318460000000002,1.0,False,True,0.0,0.297342,0.0,0.0,0.236342,0.0
mvad_One1__006.000,mvad_One1,6.0,8.0,Azimuth,-12.528844986462396,4,0,20.0288449864624,-0.1288414681577454,11.657051671179202,0.342999392537171,14.47328943090684,0.1842740157358133,3.65,3.65,0.0,0.0,17.25106720868462,0.0277162737890337,11.101496115623648,0.3743109409265268,8.917733875351287,0.497389499629372,0.65,0.65,0.0,0.0,5.555555555555554,3.0,1,-8.333333333333334,0,2,True,0.0,0.0,0.0,16.0,37.159713,34.533713,2.6260000000000048,1.0,False,False,0.073,0.0,0.0,0.013,0.0,0.0
mvad_One4__020.500,mvad_One4,20.5,22.5,Azimuth,-12.53317575107646,0,0,9.4555030281366,0.4670804068998396,13.899947472581042,0.2165880197849926,24.4555030281366,-0.3783313996127693,95.940331,94.60062019903118,1.3397109791442876,0.0,0.5887313066320168,0.9668186401673132,16.100052527418956,0.0925883671897898,23.34439191702549,-0.3157083028340575,92.95081,91.61109872514643,1.3397109791442876,0.0,1.1111111111111107,2.9895209999999963,2,-1.6666666666666643,0,1,False,0.02644,0.0,14.5,30.5,156.876623,156.545343,0.33127999999999247,1.0,False,False,1.867,0.02644,0.0,1.808,0.02644,0.0
mvad_One6__018.000,mvad_One6,18.0,20.0,Azimuth,-7.917594105916978,1,0,6.250309146416771,0.6477276568843677,17.084260772583647,0.0371176158211706,5.13919803530566,0.7103507536630795,2.6,2.6,0.0,0.0,11.250309146416772,0.3659237213801646,14.583642479750104,0.1780544310440295,2.9157392274163545,0.8356666421620174,0.0,0.0,0.0,0.0,2.2234588078893056,2.6,2,-0.831478454832709,0,1,True,0.0,0.0,12.0,28.0,19.564102,23.220036,-3.655934000000002,1.0,False,True,0.052,0.0,0.0,0.0,0.0,0.0
mvad_One1__049.500,mvad_One1,49.5,51.5,Azimuth,-12.543391153777565,4,0,12.26561337599979,0.3087003758540533,6.623275512889101,0.6267069789078465,28.376724487110906,-0.5993345274372675,6.31164,6.311639602560883,0.0,0.0,4.48783559822201,0.7470620533050357,11.096647393185258,0.374584218739588,26.15450226488868,-0.4740883338798436,4.266042,4.266042213970509,0.0,0.0,2.222222222222225,2.045598,2,-8.333333333333329,0,1,False,0.044581,0.0,43.5,59.5,1.551383,1.048581,0.502802,1.0,False,False,0.123419,0.0,0.0,0.083419,0.0,0.0
mvad_Two5__008.000,mvad_Two5,8.0,10.0,Azimuth,15.319706015016424,0,1,11.708594903905311,0.3400943753710056,11.708594903905311,0.3400943753710056,25.597483792794204,-0.4426943343628915,35.0,0.0,35.0,0.0,11.153039348349756,0.3714059237603615,8.717679782783252,0.5086647057492509,15.5974837927942,0.1209135366455145,33.0,0.0,33.0,0.0,10.000000000000004,2.0,2,-1.6666666666666607,0,1,True,0.0,0.0,2.0,18.0,12.102428,21.04984,-8.947412,0.9797101449275363,True,False,0.0,0.7,0.0,0.0,0.66,0.0
mvad_Two5__008.500,mvad_Two5,8.5,10.5,Azimuth,15.558079966054311,0,1,9.724746632720976,0.4519056254235967,15.280302188276533,0.1387901415300378,24.169191077165426,-0.3621946326996563,10.6,0.0,10.6,0.0,22.13047109979588,-0.2472907700969011,15.835857743832088,0.1074785931406818,19.90824887757366,-0.1220445765394775,8.6,0.0,8.6,0.0,4.260942199591764,2.0,2,-16.666666666666668,0,1,True,0.0,0.0,2.5,18.5,11.52933,20.053046,-8.523715999999999,0.9942196531791907,True,False,0.0,0.212,0.0,0.0,0.172,0.0
mvad_Two8__038.000,mvad_Two8,38.0,40.0,Azimuth,-17.60943038291362,3,0,2.814254572082317,0.8413863972153013,19.480921238748984,-0.0979600544653751,19.55387482735806,-0.1020717761412137,7.65,7.649999999999999,0.0,0.0,8.925365683193428,0.4969593649323865,9.480921238748984,0.4656478165430305,10.664985938469178,0.3989129980884801,6.6,6.6000000000000005,0.0,0.0,8.888888888888884,1.0500000000000007,1,-3.333333333333336,1,1,True,0.0,0.0,32.0,48.0,10.618976,10.216933,0.4020430000000008,1.0,False,False,0.153,0.0,0.0,0.132,0.0,0.0
mvad_Two4__020.000,mvad_Two4,20.0,22.0,Azimuth,5.245876851779548,2,1,17.581958950593187,0.0090669547698988,9.804181172815404,0.4474286322208813,12.19032129622399,0.3129438967326766,5.4,0.0,5.4,0.0,20.35973672837096,-0.1474907871768802,13.13751450614874,0.2595593418847459,11.07921018511288,0.3755669935113883,4.35,0.0,4.35,0.0,1.1111111111111107,1.0500000000000007,2,0.0,1,0,True,0.0,0.0,14.0,30.0,13.025381,16.457042,-3.431661000000002,0.9985507246376811,False,False,0.0,0.108,0.0,0.0,0.087,0.0
mvad_Two12__038.000,mvad_Two12,38.0,40.0,Azimuth,14.356181108559277,1,0,17.84094925840865,-0.0055299428300696,16.72983814729754,0.0570931539486421,28.396504813964203,-0.6004493622278313,0.4,0.05,0.0,0.35,26.85618110855928,-0.5136355058011266,27.41173666411483,-0.5449470541904822,20.74506999744817,-0.1692084735182117,0.35,0.0,0.0,0.35,7.651434816516037,0.05,2,-27.04569555045188,0,1,True,0.0,0.0,24.0,40.0,6.894041,6.009741,0.8842999999999996,1.0,False,True,0.001,0.0,0.007,0.0,0.0,0.007
mvad_Two1__009.500,mvad_Two1,9.5,11.5,Distance,1.1206379305645708,4,1,0.2568793101881902,0.541751636636348,0.74312068981181,-0.325656938421605,0.7097873564784765,-0.2661934283620961,30.0,0.0,30.0,0.0,0.5431206898118098,0.0311241219354466,0.9626954027687624,-0.7173574330034882,0.4097873564784763,0.2689781621734811,0.0,0.0,0.0,0.0,0.3000000000000001,30.0,2,-0.0999999999999999,0,1,True,0.0,0.0,3.5,19.5,20.293368,15.20237,5.090998000000001,1.0,True,False,0.0,0.6,0.0,0.0,0.0,0.0
mvad_Two1__008.500,mvad_Two1,8.5,10.5,Distance,1.1322129119050848,4,1,0.3392623626983051,0.3947880724863007,0.8844537547615822,-0.5777817423030636,0.3844537547615819,0.3141709085895652,30.0,0.0,30.0,0.0,0.584453754761582,-0.0426101517674863,0.5844537547615819,-0.0426101517674861,0.2392623626983051,0.5731786026648265,0.0,0.0,0.0,0.0,0.1451913920632767,30.0,1,-0.1644258238101694,1,1,True,0.0,0.0,2.5,18.5,31.890127,26.308337,5.581789999999998,0.9479768786127167,True,False,0.0,0.6,0.0,0.0,0.0,0.0
mvad_Two1__010.000,mvad_Two1,10.0,12.0,Distance,1.114464627290908,4,1,0.335535372709092,0.4014366696877587,0.8022020393757586,-0.4310524711453609,0.6548215424303027,-0.1681396212646162,10.65,0.0,10.65,0.0,0.7355353727090921,-0.312125451026344,0.488154875763636,0.1291779290329264,0.3548215424303026,0.3670319692709607,0.0,0.0,0.0,0.0,0.3,10.65,2,-0.0999999999999999,0,1,True,0.0,0.0,4.0,20.0,15.227538,10.350934,4.876603999999999,1.0,True,False,0.0,0.213,0.0,0.0,0.0,0.0
mvad_Two5__008.000,mvad_Two5,8.0,10.0,Distance,1.0252111535021702,0,1,0.6082629488326099,-0.085083499302027,0.2749296154992766,0.5095516012930583,0.6581221798311633,-0.1740276458232823,35.0,0.0,35.0,0.0,0.1914555131644965,0.6584614950098375,0.5584037178340567,0.0038606472192277,0.5415962821659432,0.03384352081699,33.0,0.0,33.0,0.0,0.11652589766522,2.0,3,0.1,0,0,True,0.0,0.0,2.0,18.0,12.102428,21.04984,-8.947412,0.9797101449275363,True,False,0.0,0.7,0.0,0.0,0.66,0.0
mvad_Two4__020.000,mvad_Two4,20.0,22.0,Distance,1.3352959268515543,2,1,0.0950986422838513,0.830353027837258,0.7382346910494819,-0.3169407793249716,0.6049013577161486,-0.0790867390869376,5.4,0.0,5.4,0.0,0.6049013577161487,-0.0790867390869378,0.5715680243828154,-0.0196232290274291,0.5284319756171848,0.0573273970636465,4.35,0.0,4.35,0.0,0.0764693820989638,1.0500000000000007,1,-0.2705918537031085,0,2,True,0.0,0.0,14.0,30.0,13.025381,16.457042,-3.431661000000002,0.9985507246376811,False,False,0.0,0.108,0.0,0.0,0.087,0.0
mvad_One7__022.000,mvad_One7,22.0,24.0,Distance,1.2257521304434498,0,1,0.5747492898521835,-0.0252983053646214,0.4585840434811499,0.1819294935198561,0.4252507101478165,0.2413930035793646,6.65,6.65,0.0,0.0,0.75858404348115,-0.3532420970157213,0.5919173768144832,-0.0559245467181781,0.3575812028898835,0.3621089963459872,5.65,5.65,0.0,0.0,0.0676695072579329,1.0,2,0.0,1,0,True,0.0,0.0,16.0,32.0,10.881704,9.733267,1.1484369999999995,1.0,False,False,0.133,0.0,0.0,0.113,0.0,0.0
