model_id,site,task,metric,unit,mean,std,sem,ci95_low,ci95_high,normalized_mean,normalized_std,normalized_sem,normalized_ci95_low,normalized_ci95_high,folds,random_baseline_score
ID8,A,Azimuth-2D,mae,deg,16.432220301579086,1.7382044966396724,0.7773486826564224,14.273954356585705,18.590486246572468,0.07386712998859059,0.09796657357283237,0.04381198360631752,-0.04777443744417591,0.19550869742135707,5,0.7042861265076603
ID8,A,Distance-3D,mae,m,0.5007182224411678,0.05540036661556598,0.024775797146163098,0.4319295817273297,0.569506863155006,0.10676610828671114,0.09882900772635497,0.04419767588499633,-0.01594631258530571,0.229478529158728,5,0.7197160636836377
ID8,A,Elevation-3D,mae,deg,8.709310694503332,0.5185111987736404,0.23188525751055308,8.065494006320625,9.353127382686038,-0.07451716070082702,0.06397167360781675,0.028609002164301494,-0.15394848472449513,0.004914163322841086,5,0.7298225034450854
ID8,A,Separation-2,mae,deg,14.023128533417495,1.7051058279237916,0.7625465080137314,11.905960013757095,16.140297053077894,0.16734216489687148,0.10124486300738111,0.04527807921143159,0.04163006349753404,0.2930542662962089,5,0.7193099025347616
ID8,F,Azimuth-2D,mae,deg,14.737732584614061,2.335290376859272,1.0443736059716866,11.838086598316197,17.637378570911924,0.1693697914494454,0.13161880374880727,0.05886171845990744,0.005943461347904466,0.3327961215509863,5,0.7042861265076603
ID8,F,Distance-3D,mae,m,0.5706245047059266,0.045800193622624434,0.020482469264568117,0.5137560531739521,0.6274929562379011,-0.017940079273488903,0.08170320822619102,0.03653878551471663,-0.11938801146569611,0.08350785291871832,5,0.7197160636836377
ID8,F,Elevation-3D,mae,deg,9.034185469915727,0.9959686365605164,0.4454107149614194,7.797527070558441,10.270843869273012,-0.11459880820477523,0.12287831138915507,0.05495285144530747,-0.26717238361676093,0.03797476720721048,5,0.7298225034450854
ID8,F,Separation-2,mae,deg,16.14800667905672,0.9915144151249733,0.4434187265780772,14.916878926095977,17.379134432017466,0.04117228544453475,0.05887361328851101,0.02632908027882911,-0.03192896061998022,0.11427353150904973,5,0.7193099025347616
ID8,S,Azimuth-2D,mae,deg,11.626366005826846,0.5809236584795858,0.2597969580196452,10.905054013387923,12.347677998265768,0.3447288607891427,0.03274131463740931,0.01464236104039122,0.30407514915000955,0.3853825724282759,5,0.7042861265076603
ID8,S,Distance-3D,mae,m,0.4760703605681707,0.09368326973297708,0.041896431895477065,0.3597472173067205,0.592393503829621,0.15073555975962122,0.16712208156523609,0.07473926698422646,-0.056773912224805795,0.3582450317440482,5,0.7197160636836377
ID8,S,Elevation-3D,mae,deg,7.77238165961635,1.0145385561369915,0.45371543546335985,6.512665659671417,9.032097659561284,0.04107709947183021,0.12516938791147408,0.055977452014419296,-0.11434122317504888,0.19649542211870932,5,0.7298225034450854
ID8,S,Separation-2,mae,deg,13.336298834824941,1.5689027592958096,0.701634643974484,11.388248761924785,15.284348907725096,0.20812437184532592,0.09315746995611457,0.041661287086753304,0.09245409523706945,0.3237946484535824,5,0.7193099025347616
ID8-SARR,A,Azimuth-2D,mae,deg,14.444870040934868,1.3243816244111473,0.592281468066984,12.800433058020923,16.08930702384881,0.1858757549235594,0.07464319077370213,0.033381449725496615,0.09319399222879791,0.27855751761832087,5,0.7042861265076603
ID8-SARR,A,Distance-3D,mae,m,0.5239127771926346,0.04696264302221421,0.021002332440145426,0.4656009540914559,0.5822246002938133,0.06538921909302095,0.08377690787317628,0.0374661721898319,-0.038633551293935725,0.16941198947997763,5,0.7197160636836377
ID8-SARR,A,Elevation-3D,mae,deg,8.209158350255041,0.9869373971113463,0.441371821895535,6.983713715780949,9.434602984729134,-0.012810523320360756,0.12176407604827397,0.05445455025227891,-0.16400059282404808,0.13837954618332657,5,0.7298225034450854
ID8-SARR,A,Separation-2,mae,deg,14.717577762670885,1.4497109892591804,0.6483304639423989,12.917523819507394,16.517631705834376,0.12610752952708168,0.08608016470541378,0.03849621995913667,0.01922488805291886,0.2329901710012445,5,0.7193099025347616
ID8-SARR,F,Azimuth-2D,mae,deg,13.651429230163448,1.764514879976949,0.7891150437876681,11.46049462940123,15.842363830925665,0.2305947035365657,0.09944944748664607,0.044475144980987244,0.10711190495114122,0.3540775021219902,5,0.7042861265076603
ID8-SARR,F,Distance-3D,mae,m,0.4825602963834372,0.07451082068812744,0.03332225202359012,0.390042892858373,0.5750776999085014,0.13915812885052128,0.1329202480659212,0.05944374205230695,-0.025884157805246916,0.3042004155062895,5,0.7197160636836377
ID8-SARR,F,Elevation-3D,mae,deg,8.486967273830704,0.6108957158791115,0.2732008695738182,7.728440056766694,9.245494490894714,-0.04708538917929402,0.0753696765606265,0.033706344046346676,-0.1406692031208862,0.04649842476229817,5,0.7298225034450854
ID8-SARR,F,Separation-2,mae,deg,14.636421428988209,1.3160171523173951,0.5885407624274781,13.002370309937056,16.27047254803936,0.13092638695594222,0.07814176347281446,0.03494605900138463,0.03390057249559439,0.22795220141629005,5,0.7193099025347616
ID8-SARR,S,Azimuth-2D,mae,deg,12.190276588713562,2.0764243191289578,0.9286051855412133,9.612055266656366,14.768497910770758,0.3129464164831536,0.11702890898143509,0.0523369191630249,0.16763583345184022,0.45825699951446697,5,0.7042861265076603
ID8-SARR,S,Distance-3D,mae,m,0.5881338417088701,0.09911660413041,0.044326292906906636,0.46506432273592524,0.7112033606818149,-0.04917507838378444,0.17681463560318886,0.07907390892511695,-0.26871944576778195,0.17036928900021306,5,0.7197160636836377
ID8-SARR,S,Elevation-3D,mae,deg,8.01564269745126,0.3832136204771632,0.17137834105814845,7.539820141283444,8.491465253619074,0.011064602633421136,0.047279242394795216,0.02114391998389041,-0.047640330510545316,0.06976953577738759,5,0.7298225034450854
ID8-SARR,S,Separation-2,mae,deg,13.127232668286723,1.840283218394558,0.8229996748364646,10.842219249507641,15.412246087065805,0.22053819100188465,0.10927135388893112,0.048867635057817195,0.08485988484301576,0.35621649716075354,5,0.7193099025347616
