recording,start,end,category,position_space,position_coverage,motion_degrees,active_speakers,silence_seconds,single_seconds,ov2_seconds,ov3_seconds,baseline_der,sra_der,gain_pp,outcome
mvad_One1,8,24,,image,1.0,0.42832699999999946,1,10.866938,5.133062,0.0,0.0,26.866186,26.086924,0.7792619999999992,similar
mvad_One1,12,28,,image,1.0,0.48939999999999984,1,8.52644,7.47356,0.0,0.0,2.482886,2.482886,0.0,similar
mvad_One1,16,32,,image,1.0,0.5199250000000006,1,6.340499,9.659501,0.0,0.0,8.195237,8.402287,-0.20704999999999885,similar
mvad_One1,20,36,,image,1.0,0.5199250000000006,1,6.340499,9.659501,0.0,0.0,8.195237,8.402287,-0.20704999999999885,similar
mvad_One1,24,40,,image,1.0,0.18326300000000018,1,9.814059,6.185941,0.0,0.0,9.797361,10.120675,-0.3233139999999999,similar
mvad_One1,28,44,,image,1.0,0.9803960000000007,1,10.1239,5.8761,0.0,0.0,12.052518,11.031432,1.0210859999999986,lower
mvad_One1,32,48,,image,1.0,1.102424000000001,1,8.309841,7.690159,0.0,0.0,1.328438,0.288147,1.040291,lower
mvad_One1,36,52,,image,1.0,1.102424000000001,1,4.854422,11.145578,0.0,0.0,2.023924,0.947264,1.07666,lower
mvad_One1,40,56,,image,1.0,1.102424000000001,1,4.854422,11.145578,0.0,0.0,2.023924,0.947264,1.07666,lower
mvad_One1,44,60,,image,1.0,0.4888160000000017,1,8.544581,7.455419,0.0,0.0,1.655427,1.118904,0.5365230000000001,similar
mvad_One2,0,16,,image,1.0,0.27412499999999973,1,11.145578,4.854422,0.0,0.0,1.907086,3.163672,-1.256586,higher
mvad_One2,4,20,,image,1.0,0.27412499999999973,1,7.826576,8.173424,0.0,0.0,9.464528,10.210849,-0.746321,similar
mvad_One2,8,24,,image,1.0,0.27412499999999973,1,7.362177,8.637823,0.0,0.0,22.253026,19.243008,3.0100179999999988,lower
mvad_One2,12,28,,image,1.0,0.27412499999999973,1,8.216599,7.783401,0.0,0.0,23.506421,19.38226,4.124161000000001,lower
mvad_One2,16,32,,image,1.0,0.24369699999999916,1,11.795737,4.204263,0.0,0.0,45.114613,38.882843,6.231769999999997,lower
mvad_One2,20,36,,image,1.0,0.2739900000000013,1,11.393379,4.606621,0.0,0.0,32.439808,26.752342,5.687466000000001,lower
mvad_One2,24,40,,image,1.0,0.2739900000000013,1,8.600816,7.399184,0.0,0.0,14.715352,15.512738,-0.7973860000000013,similar
mvad_One2,28,44,,image,1.0,0.2739900000000013,1,7.919456,8.080544,0.0,0.0,15.338769,16.823818,-1.485049,higher
mvad_One2,32,48,,image,1.0,0.2739900000000013,1,8.340318,7.659682,0.0,0.0,15.305048,16.101426,-0.7963780000000007,similar
mvad_One2,36,52,,image,1.0,2.4175439999999995,1,11.04,4.96,0.0,0.0,22.177419,23.810484,-1.6330649999999984,higher
mvad_One2,40,56,,image,1.0,2.4175439999999995,1,11.145579,4.854421,0.0,0.0,24.834661,26.503243,-1.6685820000000007,higher
mvad_One2,44,60,,image,1.0,2.4175439999999995,1,8.198458,7.801542,0.0,0.0,18.284308,18.540668,-0.2563600000000008,similar
mvad_One3,0,16,,image,1.0,0.639463000000001,1,11.609978,4.390022,0.0,0.0,15.589444,24.723794,-9.134350000000001,higher
mvad_One3,4,20,,image,1.0,1.7123910000000002,1,7.888617,8.111383,0.0,0.0,11.872439,16.816109,-4.943670000000001,higher
mvad_One3,8,24,,image,1.0,1.7123910000000002,1,7.362177,8.637823,0.0,0.0,13.540206,18.171002,-4.630796000000002,higher
mvad_One3,12,28,,image,1.0,1.7123910000000002,1,8.773878,7.226122,0.0,0.0,14.750346,20.839366,-6.089019999999998,higher
mvad_One3,16,32,,image,1.0,1.6212429999999998,1,10.1239,5.8761,0.0,0.0,16.09057,16.073552,0.0170180000000002,similar
mvad_One3,20,36,,image,1.0,0.6984399999999997,1,10.30966,5.69034,0.0,0.0,19.880323,24.431897,-4.551573999999999,higher
mvad_One3,24,40,,image,1.0,0.6984399999999997,1,7.300499,8.699501,0.0,0.0,15.967548,18.956225,-2.988676999999999,higher
mvad_One3,28,44,,image,1.0,0.6984399999999997,1,6.990658,9.009342,0.0,0.0,19.660215,21.436149,-1.7759339999999995,higher
mvad_One3,32,48,,image,1.0,0.6679890000000004,1,8.618957,7.381043,0.0,0.0,17.761135,19.92885,-2.167715000000001,higher
mvad_One3,36,52,,image,1.0,0.42572900000000047,1,10.681179,5.318821,0.0,0.0,43.617505,29.949062,13.668443,lower
mvad_One3,40,56,,image,1.0,0.4258350000000011,1,11.417688,4.582312,0.0,0.0,69.034322,50.835604,18.198718000000007,lower
mvad_One3,44,60,,image,1.0,0.3347110000000004,1,8.755375,7.244625,0.0,0.0,52.20498,42.447097,9.757883,lower
mvad_One4,8,24,,image,1.0,0.42832699999999946,1,10.866938,5.133062,0.0,0.0,282.481334,281.741035,0.7402989999999932,similar
mvad_One4,12,28,,image,1.0,0.48939999999999984,1,8.52644,7.47356,0.0,0.0,212.662239,211.872789,0.789449999999988,similar
mvad_One4,16,32,,image,1.0,0.5199250000000006,1,6.340499,9.659501,0.0,0.0,153.84334,153.646643,0.19669700000000034,similar
mvad_One4,20,36,,image,1.0,0.5199250000000006,1,6.340499,9.659501,0.0,0.0,153.84334,153.646643,0.19669700000000034,similar
mvad_One4,24,40,,image,1.0,0.18326300000000018,1,9.814059,6.185941,0.0,0.0,241.952825,242.599453,-0.6466280000000211,similar
mvad_One4,28,44,,image,1.0,0.9803960000000007,1,10.1239,5.8761,0.0,0.0,245.467232,247.169041,-1.7018089999999972,higher
mvad_One4,32,48,,image,1.0,1.102424000000001,1,8.309841,7.690159,0.0,0.0,200.995077,201.775295,-0.7802179999999908,similar
mvad_One4,36,52,,image,1.0,1.102424000000001,1,4.854422,11.145578,0.0,0.0,135.061833,134.34406,0.717772999999994,similar
mvad_One4,40,56,,image,1.0,1.102424000000001,1,4.854422,11.145578,0.0,0.0,135.061833,134.34406,0.717772999999994,similar
mvad_One4,44,60,,image,1.0,0.4888160000000017,1,8.544581,7.455419,0.0,0.0,209.197914,207.320085,1.8778289999999913,lower
mvad_One5,0,16,,image,1.0,0.3150080000000006,1,11.517098,4.482902,0.0,0.0,113.433173,119.232988,-5.7998150000000095,higher
mvad_One5,4,20,,image,1.0,0.3150080000000006,1,7.888617,8.111383,0.0,0.0,66.358758,69.070996,-2.7122379999999993,higher
mvad_One5,8,24,,image,1.0,0.3150080000000006,1,6.990658,9.009342,0.0,0.0,38.589433,41.91931,-3.3298770000000033,higher
mvad_One5,12,28,,image,1.0,0.3150080000000006,1,8.216599,7.783401,0.0,0.0,9.437969,15.091025,-5.653055999999999,higher
mvad_One5,16,32,,image,1.0,0.18906199999999984,1,10.495419,5.504581,0.0,0.0,8.024171,8.387505,-0.36333400000000005,similar
mvad_One5,20,36,,image,1.0,0.18906199999999984,1,10.27229,5.72771,0.0,0.0,3.920799,6.015877,-2.0950779999999996,higher
mvad_One5,24,40,,image,1.0,0.22058899999999948,1,8.043537,7.956463,0.0,0.0,4.911969,5.666073,-0.7541039999999999,similar
mvad_One5,28,44,,image,1.0,0.22058899999999948,1,6.897778,9.102222,0.0,0.0,5.691577,6.79021,-1.0986330000000004,higher
mvad_One5,32,48,,image,1.0,0.22058899999999948,1,7.875919,8.124081,0.0,0.0,6.005836,7.236745,-1.2309089999999996,higher
mvad_One5,36,52,,image,1.0,0.31524400000000075,1,10.718549,5.281451,0.0,0.0,21.386339,22.143706,-0.7573670000000021,similar
mvad_One5,40,56,,image,1.0,0.37823600000000024,1,9.845261,6.154739,0.0,0.0,13.797839,14.447745,-0.6499059999999997,similar
mvad_One5,44,60,,image,1.0,0.44120900000000063,1,7.734059,8.265941,0.0,0.0,11.674642,12.400512,-0.7258700000000005,similar
mvad_One6,0,16,,image,1.0,0.15744500000000006,1,10.959819,5.040181,0.0,0.0,84.259256,98.941268,-14.682012,higher
mvad_One6,4,20,,image,1.0,0.15744500000000006,1,6.959819,9.040181,0.0,0.0,50.063367,55.162823,-5.0994560000000035,higher
mvad_One6,8,24,,image,1.0,0.6929070000000008,1,4.631655,11.368345,0.0,0.0,14.739656,21.750352,-7.010695999999999,higher
mvad_One6,10.5,26.5,,image,1.0,0.6929070000000008,1,4.204263,11.795737,0.0,0.0,14.743013,17.567898,-2.824885,higher
mvad_One6,12,28,,image,1.0,0.6929070000000008,1,5.244444,10.755556,0.0,0.0,19.564102,23.220036,-3.655934000000002,higher
mvad_One6,16,32,,image,1.0,0.6929070000000008,1,8.359183,7.640817,0.0,0.0,46.421305,52.077978,-5.656673000000005,higher
mvad_One6,20,36,,image,1.0,0.6929070000000008,1,8.359183,7.640817,0.0,0.0,42.769863,52.077978,-9.308115,higher
mvad_One6,24,40,,image,1.0,0.3778370000000004,1,6.687347,9.312653,0.0,0.0,31.463977,32.497152,-1.033175,higher
mvad_One6,28,44,,image,1.0,0.2519690000000008,1,5.133061,10.866939,0.0,0.0,15.76397,16.316103,-0.5521329999999978,similar
mvad_One6,32,48,,image,1.0,0.2519690000000008,1,6.018322,9.981678,0.0,0.0,2.708182,2.918567,-0.21038500000000004,similar
mvad_One6,36,52,,image,1.0,0.18900500000000076,1,9.009342,6.990658,0.0,0.0,4.138981,4.711173,-0.5721919999999994,similar
mvad_One6,40,56,,image,1.0,0.1575160000000002,1,9.009342,6.990658,0.0,0.0,4.138981,4.711173,-0.5721919999999994,similar
mvad_One6,44,60,,image,1.0,0.1574920000000004,1,7.36254,8.63746,0.0,0.0,4.521468,4.74144,-0.21997200000000028,similar
mvad_One7,0,16,,world,1.0,13.766089000000001,1,8.987574,7.012426,0.0,0.0,3.073458,3.815712,-0.742254,similar
mvad_One7,4,20,,world,1.0,13.766089000000001,1,8.987574,7.012426,0.0,0.0,3.073458,3.815712,-0.742254,similar
mvad_One7,8,24,,world,1.0,17.184359,1,6.919547,9.080453,0.0,0.0,7.307466,7.957213,-0.6497470000000005,similar
mvad_One7,12,28,,world,1.0,17.184359,1,6.919547,9.080453,0.0,0.0,7.307466,7.957213,-0.6497470000000005,similar
mvad_One7,16,32,,world,1.0,13.480063999999999,1,9.034014,6.965986,0.0,0.0,10.881704,9.733267,1.1484369999999995,lower
mvad_One7,20,36,,world,1.0,24.285069,1,5.63483,10.36517,0.0,0.0,7.784088,7.012273,0.7718149999999993,similar
mvad_One7,24,40,,world,1.0,25.599761,1,3.993832,12.006168,0.0,0.0,2.622252,2.122509,0.49974300000000005,similar
mvad_One8,0,16,,world,1.0,22.195791,1,9.266213,6.733787,0.0,0.0,3.953392,5.438441,-1.485049,higher
mvad_One8,4,20,,world,1.0,22.195791,1,9.266213,6.733787,0.0,0.0,3.953392,5.438441,-1.485049,higher
mvad_One8,8,24,,world,1.0,36.88503,1,7.012426,8.987574,0.0,0.0,2.808611,3.476199,-0.6675879999999998,similar
mvad_One8,12,28,,world,1.0,36.88503,1,7.012426,8.987574,0.0,0.0,2.808611,3.476199,-0.6675879999999998,similar
mvad_One8,16,32,,world,1.0,34.132549,1,8.616054,7.383946,0.0,0.0,2.384281,4.009428,-1.6251469999999997,higher
mvad_One8,20,36,,world,1.0,34.132549,1,6.331428,9.668572,0.0,0.0,2.683209,8.268315,-5.585106,higher
mvad_One8,24,40,,world,1.0,34.132549,1,4.73687,11.26313,0.0,0.0,2.103057,6.897461,-4.794404,higher
mvad_One9,0,16,,world,1.0,25.780645,1,9.034014,6.965986,0.0,0.0,1.062506,4.220709,-3.1582030000000003,higher
mvad_One9,4,20,,world,1.0,25.780645,1,9.034014,6.965986,0.0,0.0,1.062506,4.220709,-3.1582030000000003,higher
mvad_One9,8,24,,world,1.0,34.609075000000004,1,6.965987,9.034013,0.0,0.0,4.238105,5.333964,-1.095859,higher
mvad_One9,12,28,,world,1.0,25.168328,1,6.965987,9.034013,0.0,0.0,4.238105,5.333964,-1.095859,higher
mvad_One9,16,32,,world,1.0,25.217578,1,8.662494,7.337506,0.0,0.0,4.62525,4.052848,0.5724020000000003,similar
mvad_One9,20,36,,world,1.0,25.217578,1,5.26331,10.73669,0.0,0.0,7.363182,6.972,0.3911819999999997,similar
mvad_One9,24,40,,world,1.0,24.492794,1,3.668752,12.331248,0.0,0.0,3.666458,3.982727,-0.31626900000000013,similar
mvad_Three1,0,16,,world,0.9990338164251208,0.369645000000002,3,7.894785,1.835827,6.269388,0.0,27.423985,32.154551,-4.730566,higher
mvad_Three1,4,20,,world,1.0,0.3730929999999999,3,3.894785,2.136235,9.96898,0.0,19.21926,26.91603,-7.696770000000001,higher
mvad_Three1,8,24,,world,1.0,1.297191999999999,3,0.371519,2.17034,13.458141,0.0,18.477759,27.344378,-8.866619,higher
mvad_Three1,12,28,,world,1.0,1.0947059999999986,3,0.371519,1.904036,13.724445,0.0,22.424517,32.229332,-9.804814999999998,higher
mvad_Three1,16,32,,world,1.0,0.6747399999999999,3,3.439455,0.857688,11.702857,0.0,17.051574,26.605057,-9.553483,higher
mvad_Three1,20,36,,world,1.0,0.7342789999999972,3,4.318911,0.6966,8.514104,2.470385,29.157224,37.587376,-8.430152,higher
mvad_Three1,24,40,,world,1.0,0.9954850000000002,3,4.133152,0.37152,5.024943,6.470385,37.612812,39.848624,-2.235812000000003,higher
mvad_Three2,0,16,,world,1.0,0.5159219999999998,3,7.523265,1.671838,6.804897,0.0,39.652996,37.673738,1.9792580000000015,lower
mvad_Three2,4,20,,world,1.0,0.5159219999999998,3,3.523265,1.671838,10.804897,0.0,43.208419,41.90927,1.2991489999999999,lower
mvad_Three2,8,24,,world,1.0,1.856342999999999,3,0.0,1.195103,14.804897,0.0,37.645956,34.583251,3.062705000000001,lower
mvad_Three2,12,28,,world,1.0,1.5856600000000007,3,0.0,0.27864,15.72136,0.0,28.428157,25.903045,2.525112,lower
mvad_Three2,16,32,,world,0.9971098265895953,1.0887989999999999,3,2.882177,0.0,13.117823,0.0,23.776018,21.336589,2.4394290000000005,lower
mvad_Three2,20,36,,world,0.9971098265895953,1.0887989999999999,3,3.761633,0.13932,9.489342,2.609705,23.983005,22.201739,1.7812659999999987,lower
mvad_Three2,24,40,,world,0.9971098265895953,1.333356000000002,3,3.761633,0.13932,5.489342,6.609705,28.358992,28.675661,-0.316669000000001,similar
mvad_Three3,0,16,,world,1.0,3.1872269999999983,3,7.801905,0.278639,7.640816,0.27864,72.749769,24.919141,47.830628000000004,lower
mvad_Three3,4,20,,world,1.0,3.980700999999998,3,3.801905,0.278639,11.640816,0.27864,56.079209,16.747655,39.331554,lower
mvad_Three3,8,24,,world,0.9942028985507246,3.980700999999998,3,0.0,0.359184,15.362176,0.27864,43.57761,13.454255,30.123355,lower
mvad_Three3,12,28,,world,0.9942028985507246,4.486457,3,0.0,0.27864,15.44272,0.27864,27.82275,5.418966,22.403783999999998,lower
mvad_Three3,16,32,,world,0.9942196531791907,4.486457,3,3.346576,0.27864,12.374784,0.0,10.986771,2.380482,8.606288999999999,lower
mvad_Three3,20,36,,world,0.9942196531791907,4.486457,3,4.133152,0.557279,8.374784,2.934785,22.185643,15.006464,7.1791789999999995,lower
mvad_Three3,24,40,,world,1.0,4.345426,3,4.133152,0.278639,4.653424,6.934785,32.557912,25.139084,7.418828000000001,lower
mvad_Three4,0,16,,image,1.0,0.3912040000000019,3,1.114557,2.321997,12.563446,0.0,3.828924,4.258814,-0.4298899999999999,similar
mvad_Three4,4,20,,image,1.0,0.3912040000000019,3,0.650158,1.857598,13.492244,0.0,6.45515,6.798399,-0.34324900000000014,similar
mvad_Three4,8,24,,image,1.0,0.3912040000000019,3,0.650158,2.043357,13.269478,0.037007,8.459261,11.170692,-2.711431000000001,higher
mvad_Three4,12,28,,image,1.0,0.4266810000000021,3,0.650158,0.445896,10.866939,4.037007,17.126745,18.990219,-1.863474,higher
mvad_Three4,16,32,,image,1.0,0.39072599999999724,3,0.371519,0.371519,7.219955,8.037007,24.392714,26.137209,-1.744494999999997,higher
mvad_Three4,20,36,,image,1.0,0.39072599999999724,3,1.355827,0.835919,3.777234,10.03102,28.444102,30.522918,-2.0788159999999998,higher
mvad_Three4,24,40,,image,1.0,0.31955399999999656,3,5.355827,0.65016,0.0,9.994013,33.888612,34.283621,-0.3950089999999946,similar
mvad_Three4,28,44,,image,1.0,0.28349000000000046,3,5.758548,1.393199,0.557279,8.290974,32.801484,33.320098,-0.5186139999999995,similar
mvad_Three4,32,48,,image,1.0,0.28349000000000046,3,5.758548,1.393199,0.557279,8.290974,32.801484,33.320098,-0.5186139999999995,similar
mvad_Three4,36,52,,image,1.0,0.28349000000000046,3,5.411701,0.835918,0.650159,9.102222,32.406935,32.814503,-0.4075680000000048,similar
mvad_Three4,40,56,,image,1.0,0.28349000000000046,3,4.768073,1.300317,0.829388,9.102222,32.02525,32.62659,-0.6013400000000004,similar
mvad_Three4,44,60,,image,1.0,0.283334,3,4.365352,0.557278,4.272109,6.805261,24.051143,24.599974,-0.5488309999999998,similar
mvad_Three5,0,16,,image,1.0,2.351903,3,7.569705,0.13932,8.290975,0.0,4.394947,1.370297,3.0246500000000003,lower
mvad_Three5,4,20,,image,1.0,2.351903,3,3.569705,0.13932,12.290975,0.0,6.93286,5.627263,1.3055969999999997,lower
mvad_Three5,8,24,,image,1.0,2.3616470000000014,3,0.0,0.185759,15.814241,0.0,5.721746,4.907632,0.814114,similar
mvad_Three5,12,28,,image,1.0,3.2472790000000025,3,0.0,0.185759,15.814241,0.0,6.975901,7.862284,-0.8863829999999995,similar
mvad_Three5,16,32,,image,1.0,3.2472790000000025,3,3.021497,0.510838,12.467665,0.0,7.84335,9.894724,-2.051374,higher
mvad_Three5,20,36,,image,1.0,3.2472790000000025,3,3.715193,0.835918,8.514104,2.934785,16.669596,16.787927,-0.1183310000000013,similar
mvad_Three5,24,40,,image,1.0,2.1468200000000017,3,3.715193,0.696599,4.653423,6.934785,26.964629,26.813891,0.15073799999999693,similar
mvad_Three6,0,16,,image,1.0,1.7315299999999993,3,7.709025,0.789479,7.501496,0.0,9.178291,8.918674,0.25961700000000043,similar
mvad_Three6,4,20,,image,1.0,1.7315299999999993,3,3.709025,0.789479,11.501496,0.0,9.866478,14.779797,-4.9133189999999995,higher
mvad_Three6,8,24,,image,1.0,1.7315299999999993,3,0.0,0.789479,14.746122,0.464399,12.503002,16.547211,-4.044209,higher
mvad_Three6,12,28,,image,1.0,0.8611949999999999,3,0.0,0.789479,14.746122,0.464399,11.767405,15.941054,-4.173648999999999,higher
mvad_Three6,16,32,,image,1.0,0.8611949999999999,3,3.300136,0.09288,12.142585,0.464399,13.410251,18.388668,-4.9784169999999985,higher
mvad_Three6,20,36,,image,1.0,0.9653530000000003,3,3.993832,0.09288,8.328345,3.584943,31.989548,23.234585,8.754963,lower
mvad_Three6,24,40,,image,1.0,0.9653530000000003,3,3.993832,0.09288,4.792744,7.120544,35.247088,26.545412,8.701675999999999,lower
mvad_Three7,0,16,,image,1.0,1.3965870000000002,3,7.848345,0.417958,7.733697,0.0,15.39597,13.627045,1.7689249999999994,lower
mvad_Three7,4,20,,image,1.0,1.3965870000000002,3,3.848345,0.417958,11.733697,0.0,11.662813,9.226173,2.4366400000000006,lower
mvad_Three7,8,24,,image,1.0,1.3965870000000002,3,0.0,1.068118,14.931882,0.0,10.757515,8.872729,1.884786,lower
mvad_Three7,12,28,,image,1.0,1.1151079999999993,3,0.0,1.068118,14.931882,0.0,7.809101,5.2745,2.5346010000000003,lower
mvad_Three7,16,32,,image,1.0,1.0228490000000008,3,3.532336,1.021678,11.445986,0.0,7.574544,6.14858,1.4259640000000005,lower
mvad_Three7,20,36,,image,1.0,1.0538349999999994,3,4.411792,1.021678,7.538866,3.027664,18.953418,18.631765,0.32165299999999775,similar
mvad_Three7,24,40,,image,1.0,1.2439520000000002,3,4.411792,0.232199,4.328345,7.027664,26.636456,26.36954,0.2669159999999984,similar
mvad_Three8,0,16,,image,1.0,1.61789,3,7.987664,0.60372,7.408616,0.0,16.798885,10.969154,5.829730999999999,lower
mvad_Three8,4,20,,image,1.0,1.61789,3,3.987664,0.60372,11.408616,0.0,7.645069,7.222371,0.42269800000000046,similar
mvad_Three8,8,24,,image,1.0,2.5477639999999973,3,0.0,0.684263,15.315737,0.0,5.712026,5.401888,0.31013800000000025,similar
mvad_Three8,12,28,,image,1.0,3.3602329999999974,3,0.0,0.325079,15.674921,0.0,5.035362,5.233873,-0.19851099999999988,similar
mvad_Three8,16,32,,image,1.0,3.4511329999999987,3,3.253696,0.325079,12.421225,0.0,2.060079,2.30197,-0.24189099999999986,similar
mvad_Three8,20,36,,image,1.0,3.542157999999997,3,4.086712,0.464399,9.860862,1.588027,9.562447,9.730293,-0.16784599999999905,similar
mvad_Three8,24,40,,image,1.0,1.8041820000000008,3,4.086712,0.37152,5.953741,5.588027,21.66771,21.671153,-0.003443000000000751,similar
mvad_Two1,3.5,19.5,,world,1.0,3.584071,2,4.626984,11.373016,0.0,0.0,20.293368,15.20237,5.090998000000001,lower
mvad_Two1,4,20,,world,1.0,3.584071,2,4.126984,11.873016,0.0,0.0,15.227538,10.350934,4.876603999999999,lower
mvad_Two1,8,24,,world,1.0,3.584071,2,0.371519,13.315919,2.312562,0.0,5.841026,2.496739,3.3442870000000005,lower
mvad_Two1,12,28,,world,1.0,3.584071,2,0.371519,9.315919,6.312562,0.0,2.041567,2.041567,0.0,similar
mvad_Two1,16,32,,world,1.0,2.6170660000000003,2,3.346576,5.919637,6.733787,0.0,2.294239,2.500561,-0.20632199999999967,similar
mvad_Two1,20,36,,world,1.0,2.270202000000001,2,7.012426,1.919637,7.067937,0.0,4.140566,5.267905,-1.127339,higher
mvad_Two1,24,40,,world,1.0,3.233671000000001,2,7.012426,0.232199,8.755375,0.0,2.538197,4.22901,-1.690813,higher
mvad_Two10,0,16,,image,1.0,3.5849490000000017,2,8.987574,1.207437,5.804989,0.0,16.349155,14.624938,1.7242169999999994,lower
mvad_Two10,4,20,,image,1.0,3.5849490000000017,2,8.987574,1.207437,5.804989,0.0,19.415296,17.995352,1.419944000000001,lower
mvad_Two10,8,24,,image,1.0,4.690464,2,6.780227,2.216779,7.002994,0.0,20.583338,14.72737,5.855968000000001,lower
mvad_Two10,12,28,,image,1.0,3.7414430000000003,2,6.780227,1.346756,7.873017,0.0,34.56551,11.391996,23.173514000000004,lower
mvad_Two10,16,32,,image,1.0,3.216341,2,8.616055,1.671836,5.712109,0.0,41.395324,11.270158,30.125166,lower
mvad_Two10,20,36,,image,1.0,5.431742000000001,2,8.328345,1.959546,5.712109,0.0,39.207535,9.147173,30.060361999999998,lower
mvad_Two10,24,40,,image,1.0,4.402162,2,6.733787,2.229116,7.037097,0.0,29.931946,10.210749,19.721197,lower
mvad_Two11,0,16,,world,1.0,11.953648999999999,2,7.894785,8.105214,1e-06,0.0,2.279976,2.267639,0.012337000000000042,similar
mvad_Two11,4,20,,world,1.0,11.953648999999999,2,3.894785,12.105214,1e-06,0.0,1.52659,1.518329,0.008260999999999852,similar
mvad_Two11,8,24,,world,1.0,11.953648999999999,2,0.0,13.640997,2.359003,0.0,1.040416,0.822539,0.217877,similar
mvad_Two11,12,28,,world,0.9985507246376811,11.277861999999999,2,0.0,9.640997,6.359003,0.0,0.854287,0.675388,0.17889900000000003,similar
mvad_Two11,16,32,,world,0.9985549132947977,11.898159,2,3.160816,5.919638,6.919546,0.0,3.792541,4.096205,-0.3036640000000004,similar
mvad_Two11,20,36,,world,0.9985549132947977,9.65298,2,3.715192,2.337598,9.94721,0.0,4.277929,4.453352,-0.17542299999999944,similar
mvad_Two11,24,40,,world,0.9985549132947977,10.426009,2,3.715192,0.6966,11.588208,0.0,3.44352,3.690661,-0.24714100000000006,similar
mvad_Two12,0,16,,image,1.0,2.122827000000001,2,4.272473,9.52018,2.207347,0.0,16.998209,17.43596,-0.4377510000000022,similar
mvad_Two12,4,20,,image,1.0,2.0208329999999997,2,4.018504,9.380861,2.600635,0.0,25.218687,25.095248,0.12343899999999763,similar
mvad_Two12,8,24,,image,1.0,1.6137360000000012,2,7.176417,6.408708,2.414875,0.0,21.792091,22.165808,-0.3737169999999992,similar
mvad_Two12,12,28,,image,1.0,1.4133430000000011,2,8.312743,5.272382,2.414875,0.0,18.065909,18.481663,-0.41575399999999973,similar
mvad_Two12,16,32,,image,1.0,5.4335489999999975,2,8.312743,4.783311,2.903946,0.0,16.88946,15.756444,1.1330159999999996,lower
mvad_Two12,20,36,,image,1.0,10.609882999999998,2,6.610068,5.814059,3.575873,0.0,5.878501,4.777991,1.1005099999999999,lower
mvad_Two12,21.5,37.5,,image,1.0,10.609882999999998,2,5.55102,6.873107,3.575873,0.0,6.825334,5.893488,0.9318460000000002,similar
mvad_Two12,24,40,,image,1.0,10.609882999999998,2,3.213786,9.210341,3.575873,0.0,6.894041,6.009741,0.8842999999999996,similar
mvad_Two13,0,16,,image,1.0,1.0983719999999977,2,2.972155,11.588207,1.439638,0.0,22.700431,27.260008,-4.559577000000001,higher
mvad_Two13,4,20,,image,1.0,1.505055999999998,2,2.786395,11.773967,1.439638,0.0,19.392683,23.887634,-4.494950999999997,higher
mvad_Two13,8,24,,image,1.0,1.505055999999998,2,6.399274,8.161088,1.439638,0.0,25.889237,31.139571,-5.250333999999999,higher
mvad_Two13,12,28,,image,1.0,2.199830999999998,2,7.337505,8.662495,0.0,0.0,25.477452,33.681278,-8.203826,higher
mvad_Two13,16,32,,image,1.0,2.199830999999998,2,7.293968,8.706032,0.0,0.0,17.55569,18.079051,-0.5233610000000013,similar
mvad_Two13,20,36,,image,1.0,1.6957489999999975,2,6.965987,9.034013,0.0,0.0,19.032771,19.337885,-0.30511399999999966,similar
mvad_Two13,24,40,,image,1.0,2.604766999999999,2,3.260228,12.739772,0.0,0.0,15.138921,15.355283,-0.21636200000000017,similar
mvad_Two14,0,16,,image,1.0,1.4054000000000002,2,4.343583,11.656417,0.0,0.0,11.183394,14.61498,-3.4315859999999994,higher
mvad_Two14,4,20,,image,1.0,1.603066,2,4.969071,11.030929,0.0,0.0,12.420269,12.601577,-0.18130800000000136,similar
mvad_Two14,8,24,,image,1.0,1.6268829999999994,2,4.959637,11.040363,0.0,0.0,17.758809,17.025138,0.7336710000000011,similar
mvad_Two14,12,28,,image,1.0,1.5021550000000001,2,4.161088,11.188753,0.650159,0.0,16.750077,15.789237,0.960840000000001,similar
mvad_Two14,16,32,,image,1.0,2.1955050000000025,2,4.018503,11.331338,0.650159,0.0,23.298331,19.973351,3.32498,lower
mvad_Two2,4,20,,world,0.9971014492753624,1.142773,2,3.476825,12.523175,0.0,0.0,1.343541,2.231032,-0.8874909999999998,similar
mvad_Two2,8,24,,world,1.0,1.1863729999999997,2,0.41796,13.083718,2.498322,0.0,5.94096,4.007912,1.9330479999999994,lower
mvad_Two2,12,28,,world,1.0,1.7020400000000002,2,0.41796,9.083718,6.498322,0.0,4.864716,3.281853,1.5828629999999997,lower
mvad_Two2,16,32,,world,1.0,1.555390000000001,2,3.671656,5.083718,7.244626,0.0,7.878774,5.423122,2.4556519999999997,lower
mvad_Two2,20,36,,world,1.0,1.3240930000000013,2,7.383946,1.083718,7.532336,0.0,11.778945,9.050227,2.7287180000000006,lower
mvad_Two2,24,40,,world,0.9971098265895953,1.4428909999999995,2,6.965986,0.0,9.034014,0.0,5.04976,5.271145,-0.22138499999999972,similar
mvad_Two3,24,40,,world,0.9682080924855492,3.885813999999998,2,6.873107,0.603719,8.523174,0.0,4.272352,3.139212,1.1331399999999996,lower
mvad_Two4,4,20,,world,1.0,3.3821850000000033,2,3.987664,12.012336,0.0,0.0,3.285489,3.451985,-0.16649599999999998,similar
mvad_Two4,8,24,,world,0.9985507246376811,3.3821850000000033,2,0.185759,13.826758,1.987483,0.0,1.720485,1.641841,0.07864399999999994,similar
mvad_Two4,12,28,,world,0.9985507246376811,1.954976000000002,2,0.185759,9.826758,5.987483,0.0,7.950179,11.426968,-3.476789,higher
mvad_Two4,16,32,,world,0.9985549132947977,1.9318819999999999,2,3.439456,6.012517,6.548027,0.0,13.289937,17.047413,-3.7574759999999987,higher
mvad_Two4,20,36,,world,0.9985549132947977,1.9318819999999999,2,7.439456,2.012517,6.548027,0.0,17.25191,22.53368,-5.281770000000002,higher
mvad_Two4,24,40,,world,1.0,3.0874039999999994,2,7.523266,0.557278,7.919456,0.0,41.934876,31.451807,10.483069000000004,lower
mvad_Two5,4,20,,world,1.0,8.203624000000001,2,3.941225,12.058775,0.0,0.0,10.095188,17.558633,-7.463445,higher
mvad_Two5,8,24,,world,1.0,8.203624000000001,2,0.27864,13.455238,2.266122,0.0,6.836137,6.502572,0.3335650000000001,similar
mvad_Two5,12,28,,world,1.0,8.203624000000001,2,0.27864,9.455238,6.266122,0.0,2.408866,2.317905,0.09096100000000007,similar
mvad_Two5,16,32,,world,1.0,8.203624000000001,2,3.253696,6.012517,6.733787,0.0,4.275694,4.070356,0.20533799999999935,similar
mvad_Two5,20,36,,world,1.0,1.9833789999999993,2,6.780227,2.244716,6.975057,0.0,8.197974,6.426187,1.7717870000000007,lower
mvad_Two5,24,40,,world,1.0,1.7584199999999992,2,6.780227,0.510838,8.708935,0.0,48.892369,5.459579,43.432790000000004,lower
mvad_Two6,4,20,,world,1.0,2.5332299999999996,2,3.941224,12.058776,0.0,0.0,3.009708,4.336543,-1.326835,higher
mvad_Two6,8,24,,world,1.0,2.749008,2,0.325079,13.594558,2.080363,0.0,2.442743,3.450894,-1.0081509999999998,higher
mvad_Two6,12,28,,world,1.0,2.749008,2,0.325079,9.594558,6.080363,0.0,1.993612,2.816401,-0.822789,similar
mvad_Two6,16,32,,world,1.0,2.749008,2,3.300136,5.919637,6.780227,0.0,1.065893,2.29792,-1.232027,higher
mvad_Two6,20,36,,world,1.0,1.9362329999999996,2,7.105306,2.105397,6.789297,0.0,3.30743,3.811128,-0.503698,similar
mvad_Two6,24,40,,world,1.0,2.334180999999999,2,7.105306,0.18576,8.708934,0.0,2.335314,2.676153,-0.3408389999999999,similar
mvad_Two7,0,16,,image,1.0,4.756572000000002,2,4.365351,11.634649,0.0,0.0,4.997512,5.169413,-0.1719009999999992,similar
mvad_Two7,4,20,,image,1.0,4.756572000000002,2,1.207437,14.792563,0.0,0.0,3.700217,3.835421,-0.13520400000000032,similar
mvad_Two7,8,24,,image,1.0,4.756572000000002,2,2.879274,12.80508,0.315646,0.0,9.155492,9.609484,-0.4539919999999995,similar
mvad_Two7,12,28,,image,1.0,4.756572000000002,2,1.950476,9.733878,4.315646,0.0,7.151842,9.008618,-1.856776,higher
mvad_Two7,16,32,,image,1.0,3.1920010000000003,2,1.671837,6.198277,8.129886,0.0,5.434884,6.953271,-1.5183869999999997,higher
mvad_Two7,20,36,,image,1.0,3.1920010000000003,2,3.306304,2.291157,10.402539,0.0,7.821115,9.128687,-1.3075719999999995,higher
mvad_Two7,24,40,,image,1.0,3.1920010000000003,2,5.479909,0.433198,10.086893,0.0,6.168452,7.333106,-1.1646539999999996,higher
mvad_Two7,28,44,,image,1.0,2.750661000000001,2,5.479909,4.433198,6.086893,0.0,5.534611,5.173317,0.361294,similar
mvad_Two7,32,48,,image,1.0,3.3761079999999994,2,5.553923,8.173424,2.272653,0.0,6.497174,6.033291,0.46388300000000005,similar
mvad_Two7,36,52,,image,1.0,4.644119999999999,2,4.031202,11.968798,0.0,0.0,3.34869,3.181589,0.16710100000000017,similar
mvad_Two7,40,56,,image,1.0,5.262939000000001,2,0.18576,15.81424,0.0,0.0,1.601342,1.607665,-0.0063229999999998565,similar
mvad_Two7,44,60,,image,1.0,5.262939000000001,2,1.671838,14.328162,0.0,0.0,2.410065,2.417044,-0.0069790000000002905,similar
mvad_Two8,0,16,,image,1.0,0.3126850000000001,2,5.015511,10.984489,0.0,0.0,3.309093,3.491168,-0.1820750000000002,similar
mvad_Two8,4,20,,image,1.0,0.3126850000000001,2,4.482903,11.517097,0.0,0.0,4.01906,4.01906,0.0,similar
mvad_Two8,8,24,,image,1.0,0.2627360000000003,2,5.665669,8.997007,1.337324,0.0,6.119072,6.290428,-0.17135600000000029,similar
mvad_Two8,12,28,,image,1.0,0.23350599999999844,2,4.92263,5.740046,5.337324,0.0,2.992672,2.992672,0.0,similar
mvad_Two8,16,32,,image,1.0,0.23350599999999844,2,4.971972,2.575965,8.452063,0.0,5.195648,5.327701,-0.13205299999999998,similar
mvad_Two8,20,36,,image,1.0,0.23350599999999844,2,5.50458,2.043357,8.452063,0.0,8.680441,8.816205,-0.135764,similar
mvad_Two8,24,40,,image,1.0,0.26256700000000066,2,5.851428,3.033833,7.114739,0.0,9.290182,9.201694,0.0884879999999999,similar
mvad_Two8,28,44,,image,1.0,0.26256700000000066,2,5.851428,7.033833,3.114739,0.0,12.09195,11.976776,0.11517400000000144,similar
mvad_Two8,32,48,,image,1.0,0.3502580000000002,1,5.802086,10.197914,0.0,0.0,10.618976,10.216933,0.4020430000000008,similar
mvad_Two8,36,52,,image,1.0,0.37950700000000026,2,2.080726,13.919274,0.0,0.0,6.122977,5.972107,0.1508699999999994,similar
mvad_Two8,40,56,,image,1.0,0.3212249999999983,2,0.27864,15.72136,0.0,0.0,3.233562,3.239923,-0.006361000000000061,similar
mvad_Two8,44,60,,image,1.0,0.20454699999999804,2,2.043356,12.47093,1.485714,0.0,14.216469,14.656816,-0.44034699999999916,similar
mvad_Two9,0,16,,image,1.0,8.931476,2,8.173424,7.826576,0.0,0.0,7.927145,8.182684,-0.25553899999999974,similar
mvad_Two9,4,20,,image,1.0,8.931476,2,4.173424,11.826576,0.0,0.0,5.246015,5.415126,-0.169111,similar
mvad_Two9,8,24,,image,1.0,8.931476,2,0.417959,13.037279,2.544762,0.0,3.176076,3.391227,-0.2151510000000001,similar
mvad_Two9,12,28,,image,1.0,8.931476,2,0.417959,9.037279,6.544762,0.0,2.601917,2.778174,-0.1762570000000001,similar
mvad_Two9,16,32,,image,1.0,3.5502350000000007,2,3.439456,5.455238,7.105306,0.0,4.361683,2.632797,1.7288860000000001,lower
mvad_Two9,20,36,,image,1.0,3.5502350000000007,2,6.965987,1.928707,7.105306,0.0,6.148295,3.917718,2.2305770000000003,lower
mvad_Two9,24,40,,image,1.0,3.6462769999999978,2,6.965987,0.510839,8.523174,0.0,7.348335,3.817018,3.5313169999999996,lower
